,R2,mse,rmse,mae,rRMSE
0,0.9876709391536116,0.5872070134601712,0.7662943386585674,0.3379493198596256,"0    0.766294
dtype: float64"
