,R2,mse,rmse,mae
0,0.9892506042340755,0.521457792887191,0.7221203451552871,0.30624905619822756
