,R2,mse,rmse,mae
0,0.9877804317013152,0.5999633272057422,0.7745729966928503,0.34243569017016273
