,R2,mse,rmse,mae
0,0.9885340542428268,0.554047241505816,0.7443434969863147,0.344274621300854
