,R2,mse,rmse,mae
0,0.9877969690711317,0.6005648962076482,0.774961222389642,0.35029030032001185
